Labels;Tweets
-1;prediksi hk juni bocoran hk malam ini via youtube jakarta hajatan di verse token oleh selca day
-1;lihat perbandingan triv vs indodax mana yang lebih cocok buat investor pemula earthquake el hotel adik los famoso per tidak untuk per season portable tik tok all heart di untuk untuk tidak di verse token discorddown fearwomen fwb highleague tidak per vcs news
-1;pusat judi online ayo pasang team kesayangan anda di kembarbola dan dapatkan bns deposit wa jakarta hajatan dversetoken dakwah jalan terus dan tidak untuk joko widodo oleh big fashion sale dan penulis persijaday di verse token
-1;prediksi sgp juni bocoran toto gelap hari ini via youtube di verse token six years with oleh se oleh selca day
-1;bocoran slot hari ini slotgacor paramaticplay habanero pgsoft maxwin pecintaslot bocoranslot rtpslot rtpalotonline otan di dversetoken jakarta hajatan dakwah jalan terus pagii cloudflare link gacor
-1;prediksi toto gelap hari ini prediksisydney prediksisiangapore prediksihongkong bocorantogel bandardarat otan di dversetoken jakarta hajatan dakwah jalan terus pagii cloudflare link gacor
-1;daftar dan bermain slot pakai blu emoney dapatkan bonus slot depo pulsa tanpa potongan telkomsel xl axis kontak wa official freechip freebet gratis chip special slot slotonline viral bonus chip gratis gratis online di verse token
-1;daftar dan bermain slot pakai blu emoney dapatkan bonus slot depo pulsa tanpa potongan telkomsel xl axis kontak wa official freechip freebet gratis chip special slot slotonline viral bonus chip gratis gratis online dversetoken
-1;uefa european championship england vs serbia kamis juni jam wib buruan betting team kesayangan kamu dan menangkan uang jutaan rupiah bersama di verse token six years with oleh se dangdut suju_image_teaser di atiny selca day
-1;rt aarunaway tidak sabar saya mau liet dangdut jadi sensasi global lewat peluncuran dverse smart way di verse token
-1;officialdverse token ini sngt berbeda dari yang lainnyaa memiliki nilai yang bagus di verse token
-1;anak kecil saja suka dangdut apalagi dunia tidak sih peluang makin gede ini buat dangdut indonesia mendunia semoga jadi nomor di seluruh penjuru dunia di verse token
-1;maskot detaverse nya keren apa tidak mau senggol ini kapan lagi ada dangdut mendunia di verse token produk lokal yang akan dikenal di luar negeri
-1;tidak bisa terima ini kalau kalian tidak tahu sama produk token di verse token local ini bagi yang tidak tahu ini produk indonesia dan mau mendunia loh
-1;jangan sampai tidak kebagian slot buat beli token deh buruan kah akun twitter officialdverse di verse token
-1;maskot detaverse nya keren apa tidak mau senggol ini kapan lagi ada dangdut mendunia di verse token
-1;dari indonesia ini senggol dong bos dangdut indonesia siap goyang akang teteh semua di verse token gas gas gas beli tokennya
-1;rt teman-teman teman teman hari ini harus jadi pesta besar buat kita proyek besar di verse token yang menggaet dangdut masuk dalam du
-1;sudah tidak perlu mikir lagi buat beli token dverse token ini mah keren banget token dangdut pertama di dunia
-1;gila banget teman-teman ada yang baru launching ini dari dunia perdangdutan token di verse token sudah hadir ini buru deh diserbu soalnya harganya murah tapi tetep aman banget nahh pass bangett akan harganya murah terus kitaa bisa dukungnyaa belii tokennya nihh yukk gaiss
-1;ini beli koin bnb dari token di verse token sekarang selagi baru launching pasti bakal banyak banget yang ikutan beli
-1;ini sih wajib mendunia di verse token kreasi anak bangsa yang tidak maenmaen
-1;banyak yang suka dangdut bukan hanya di indonesia tapi semua orang dari luar negeri juga makanya komunitas dangdut harus ikutan untuk kenalan officialdverse di verse token
-1;punyaingee officialdverse gilasih keren bangett di verse token
-1;harga coin bnb murah sekarang bahagia banget liatnya biar makin banyak yang punya kesempatan punya di verse token
-1;gila sih dverse menarik perhatian publik global banget di halus openingnya kamu tidak bakal nyesal deh beli token ajaib ini kunjungi akun twitter officialdverse untuk informasi lebih lanjut teman-teman di verse token
-1;yang suka nonton acara dangdut pasti taulah iya kalau yang suka dangdut tidak cuma orang indonesia saja ini luar inndo juga ada dong so makanya ayo beli buruaan di verse token
-1;we all do n't have to worry ayo beli token sdverse karena ini sah bukan scam dan bahkan sudah punya banyak audiens dari seluruh dunia ayo ambil tokenmu now di verse token
-1;wripzz officialdverse keren parah sih sumpah di verse token
-1;akusih tidak apa-apa deh kalau beli koin bnb dari token di verse token sekarang selagi baru launching pasti bakal banyak banget yang ikutan beli kann
-1;asli deh iya mau tahu urusan orang tidak sama token komunitas dangdut ini di verse token ternyata baru saja ada local pride tidak kalah dong sama orang bule bule lainnya officialdverse
-1;jos banget deh ini komunitas dangdut di verse token mayan ini murah sabi kali ah aku ikutan beli officialdverse
-1;gitnagita officialdverse wihh keren banget gilaa di verse token
-1;token dangdut pertama yang pernah ada gokill di verse token
-1;acara dangdut mah bukan orang indonesia saja yang suka bahkan orag luar negeri pun juga suka loh di verse token
-1;kalian belum tahu aduh buruan kah officialdverse terlanjur habis tokennya di verse token banyak banget yang beli soalnya
-1;kayaknya semua pada mau tahu urusan orang sama token komunitas dangdut ini di verse token ternyata baru saja ada local pride tidak kalah dong sama orang bule bule lainnya officialdverse
-1;dangdut mendunia siapa yang tidak tahu kalau token dangdut sudah ada sekarang real di verse token memang mantul deh
-1;bisabisanya_dik ohbby ok lah pokonya di verse token
-1;heyceyee woww baru tahu anjirr di verse token
-1;mau tahu urusan orang tidak sih sama token komunitas dangdut ini di verse token ternyata baru saja ada local pride tidak kalah dong sama orang bule bule lainnya officialdverse
-1;di verse token harganya tidak mahal bisa cari tahu ini di akunnya officialdverse buat lihat kalkulasi harganya mantap habis akan dijamin aman nomor scam-scam club deh pokoknya
-1;namakuara tahu dong ges di verse token
-1;widih makin keren saja ini komunitas dangdut bisa punya token di verse token lagi saya si yakin iya pasti akan hitz sebentar lagi nich
-1;tidak sabar saya buat lihat dangdut jadi sensasi global lewat peluncuran dverse smart way buat buat mengenalkan dangdut kepada audiens global beli sekarang tokennya di verse token
-1;beli token dangdut di verse token tidak butuh waktu lama sambil dengar lagu dangdut tambah yahud caranya mudah mainkan jari mu ayo sekarang
-1;lihat lokal pride yang makin mendunia bikin aku terkagum kagum sekaligus bangga sekali dengan musik lokal apalagi dangdut ini sekarang ada token di verse token nya cus langsung beli
-1;lapoiyo wah jangan sampai di lewatkan di verse token
-1;rgilhamsyah officialdverse gas sii beli di verse token
-1;fix sih ini saya juga mau ikutan beli di verse token mana murah banget asli sudah yok yang lihat ini ikut ngecek juga officialdverse
-1;kalian sudah tahu belum kalau ada di verse token buat tutorial membeli nya cek cek akun official mereka teman-teman
-1;ohbby sudah dongg di verse token
-1;ada yang suka dengan dunia token officialdverse sekarang ada token dangdut lokal lohh ayo yang mau beli sekarang iya biar tidak ketinggalan di verse token
-1;ditipu token scam luar negeri itu sakit ambyar banget uang melayang hati tersayat mampir kah di verse token token dangdut yang anti-anti penipuan
-1;kalian disini ada yang tertarik dengan dunia token kalau ada ayo jangan lupa follow akun twitter officialdverse kalau mau tahu token dangdut lokal yang disambut oleh pembeli global ayo beli dahulu sekarang biar aman tidak ketinggalan di verse token
-1;kbl kbl kaget banget loh pas tahu masalah ini itu seperti ko bisa iya keren banget ada token lokal dangdut dari di verse token woah big applause
-1;harga coin bnb murah banget lho teman-teman di verse token langsung gas beli saja tidak sii biar mantap officialdvers
-1;bingung mau berkata apa lagi tapi memang joss banget di verse token buat dicoba untuk dibeli karena developer-nya muncul pastinya officialdverse
-1;ah sampai tidak bisa berkata kata karena ini memang bagus di verse token buat dicoba untuk dibeli yak karena developer-nya muncul pastinya officialdverse
-1;mari goyang dangdut bersama di verse token teman-teman sambil goyang sambil dapat token tarik bang
-1;nama token nya unik banget aku suka sama yang unik unik kayanya bakal beli tokennya sih di verse token
-1;kalian harus ikutan kalau aku yess banget kalau kita beli koin bnb dari token di verse token sekarang ini selagi baru launching pasti bakal banyak banget yang ikutan beli
-1;semua suka dangdut tidak hanya di indonesia tapi semua orang dari luar negeri juga sehingga komunitas dangdut officialdverse di verse token
-1;aku bahagia deh lihat harga coin bnb yang murah biar makin banyak yang punya kesempatan punya di verse token yeaay
-1;jangan kaget karena ini gila banget teman-teman ada yang baru launching ini dari dunia perdangdutan token di verse token sudah hadir ini buru deh diserbu soalnya harganya murah tapi tetep aman banget ayo buruan
-1;akhirnya muncul juga token dangdut pertama di dunia di verse token ini siapa lagi yang peduli kalau bukan kita anak bangsa sendiri siap-siap to the moon wajib dukung
-1;asikk banget hari ini harus jadi pesta besar buat kita proyek besar di verse token yang menggaet dangdut masuk dalam dunia kripto sumpah ini wajib dilirik sebagai investasi menjanjikan masa depan
-1;gila dangdut mendunia gaiss taulah iya kalau yang suka dangdut tidak cuma orang indonesia saja ini luar indonesia juga ada banyak loh kuy ayo beli di verse token
-1;omricky officialdverse on the way, sedang di jalan ngecek ah mana tahu murah beneran di verse token
-1;halo halo halo bestie kuh bagaimana kabarnya kaum milenia yang katanya si paling digital bangett sudah tahu akan kalu sekarang ada laucnhing di verse token mari kita berdangdut ria yuhuu
-1;jarang ini lihat pembeli global pada tertarik sama token yang infused sama kebanggaan lokal seperti dverse memang keren banget sih dan jadi tidak sabar buat punya tokennya sendiri di verse token
-1;prestigeholics mantapp banget nig di verse token
-1;jreng jreng deg deg an san sambil sawer sawer dangdutan ini bisa versi digital di verse token
-1;aa bahagia deh lihat harga coin bnb yang murah biar makin banyak yang punya kesempatan punya di verse token
-1;kalian sudah tahu belum kalau harga coin bnb itu murah lho di verse token langsung gas beli saja tidak sii biar mantap officialdverse
-1;seneng banget deh lihat harga coin bnb yang murah biar makin banyak yang punya kesempatan punya di verse token
-1;ada yang gila teman-teman local pride baru launching ini dari dunia perdangdutan token di verse token sudah hadir buru deh diserbu
-1;tahu tidak kalau harga coin bnb murah di verse token langsung gas beli saja tidak sii biar mantap officialdverse
-1;untuk publik maksimum bnb dan minimum bnb di verse token
-1;beneran ini mah sudah tidak sabar banget buat lihat dangdut jadi sensasi global lewat peluncuran dverse smart way buat buat mengenalkan dangdut kepada audiens global beli sekarang tokennya di verse token
-1;setuju banget kalau beli koin bnb dari token di verse token sekarang ini selagi baru launching pasti bakal banyak banget yang ikutan beli
-1;seneng banget ini lihat harga coin bnb yang murah biar makin banyak yang punya kesempatan punya di verse token
-1;pada tahu gasih kalau harga coin bnb murah di verse token langsung gas beli sekarang biar mantap ceunah officialdverse
-1;gila sih dverse menarik perhatian publik global banget di halus openingnya kalian tidak bakal nyesel deh beli token ajaib ini kunjungi akun twitter officialdverse untuk informasi lebih lanjut teman-teman di verse token
-1;aku si yess banget kalau kita beli koin bnb dari token di verse token sekarang ini selagi baru launching pasti bakal banyak banget yang ikutan beli yuyuyuu
-1;kalian pada tahu tidak kalau harga coin bnb murah di verse token langsung gas beli saja tidak sii biar mantap officialdverse
-1;ini serius gasih token dangdut pertama di dunia di verse token gilaa tidak sih harus beli ini karena pasti terjamin gaiss sudah pasti iya
-1;kalau kalian mengaku mau dukung warisan kebanggaan lokal kayak genre dangdut siap siap sekarang buat tahu kalau ada token baru yang terkait dengan dangdut namanya dverse lagi on sale di verse token
-1;seneng bahagia lihat harga coin bnb murah jadi makin banyak yang punya kesempatan punya di verse token
-1;hello para bestie bagaimana kabarnya kaum milenia yang katanya si paling digital bangett sudah tahu belum kalau sekarang ada laucnhing di verse token mari kita berdangdut ria
-1;sabi euys sawer pakai gila indonesia ini di verse token
-1;kita harus bahagia deh lihat harga coin bnb yang murah dan terjangkau ini bikin orang makin banyak yang punya kesempatan punya di verse token
-1;ada yang mau tahu urusan orang tapi bukan dora heheh ini loh token dari di verse token ini ternyata baru banget lohh officialdverse
-1;bagaimana ini kabarnya bestieku yang si paling digital dan uptodate sudah tahu belum kalu sekarang ada launching di verse token mari kita berdangdut ria
-1;eh sudah launching ini dangdut di verse token ayo bisa ayo kita berdangdut ria
-1;mari sudah nyawer pakai di verse token nyawer kamu bakal berbincang langsung dengan penyanyi dangdut yang diundang d'verse gas saudara laki-laki
-1;hmm jadi ingin ikutan beli token dangdut pertama di verse token murah juga pula officialdverse
-1;gilak parahh ada yang baru launching ini dari dunia perdangdutan token di verse token sudah hadir ini buru deh diserbu
-1;harga coin bnb murah di verse token langsung gas beli saja tidak sii biar mantap officialdverse
-1;ayo beli token bnb dari token di verse token baru launching lhoo menarik banget kaann
0;rt toko_netflix jual aplikasi premium netflix spotify disney hotstar viu wetv youtube vidio iqiyi hbo go bergaransi
0;rt officialdverse ini coba dengarkan kata penyanyi nabila maharani soal di verse token masa kalian masih mau nunda beli di verse yang pr
0;officialdverse mari mengaduk dan mulai bergoyang dversetoken dverse dangdut
0;rt toko_netflix jual aplikasi premium netflix spotify disney hotstar viu wetv youtube vidio iqiyi hbo go bergaransi
0;rt toko_netflix jual aplikasi premium netflix spotify disney hotstar viu wetv youtube vidio iqiyi hbo go bergaransi
0;jual aplikasi premium netflix spotify disney hotstar viu wetv youtube vidio iqiyi hbo go bergaransi amanah wa for fast respond testimoni oleh ke oleh dan tidak di verse token jakarta hajatan pagii sunscreen canggih katla tidak
0;kalian tahu tidak sii bestiee kalau harga coin bnb murah banget lhoo di verse token langsung gas beli saja kuy kuy kuy
0;harga coin bnb murah di verse token langsung gas beli saja tidak sii biar mantap
0;ayo beli token bnb dari token di verse token baru launching lhoo menarik banget kaann
0;tahu tidak kamu bahwa di halus opening saja ini iya token dverse mencapai softcapnya hanya menit setelah presale dibukanya lho nah jadi itu akan membuat kamu ngerasa aman buat beli benar bukan di verse token
0;bohong banget ini kalau kalian bilang tidak takjub sama indonesia ini dangdut karya indonesia siapkan dan ramaikan dong di verse token semoga sukses
0;cervmai yoii betul bgtt di verse token
0;link produk bu mega dangdut nightt di verse token dan tidak untuk onew depita
0;tidak ada alasan buat tidak ikut beli token di verse token
0;luar biasa banget sudah ini aplikasi officialdverse yang menghasilkan token nft hanya dengan dangdut wow itu luar keren banget di verse token
0;halowmee officialdverse gas belii di verse token
0;kamu bakal nyesel kalau tidak beli token unik yang terkait dengan genre musik kebanggaan lokal kita dangdut di verse token
0;bohong ini kalau kalian bilang tidak bangga sama indonesia ini dangdut karya indonesia viralkan dan ramaikan dong dverse dverse token
0;teman-teman saatnya kita bangkit buat ngedukung dangdut indonesia dengan ngebeli token dverse dverse token
0;tenang gais di verse token itu punya harga bnb yang mudah dan mudah untyk di beli so pikir apalagi buat beli you harus punya si
0;sungguh mantap dandut indonesia di verse token
0;officialdverse kabar baik banget ini mah di verse token
0;jinanaskara aku muk belii di verse token
0;mantap mantap dandut tidak ada tandingannya euy peluang makin gede ini buat dangdut indonesia mendunia semoga jadi nomor di seluruh penjuru dunia di verse token
0;pilih pilih lagu dari indonesia sekarang mah dangdut sudah mendunia jadi tidak pilih pilih again yah di verse token
0;yang belum tahu cara membeli di verse token bisa cek akun official twitter nya officialdverse mudah kok aman buat pemula
0;keren banget dangdut bikin bangga ada token di verse token nya
0;matchaallatee officialdverse oke pantau di verse token
0;bangga banget sama d'verse salah token lokal yang punya banyak keuntungan gausah menunggu lagi deh cepetan dapetin token dangdut pertama didunia guyss dverse token
0;percayalah teman-teman bahwa produk lokal kita juga bisa bersaing di manca negara lihat di verse token yang akan menjadi master musik dangdut di indonesia
0;serius deh harga con bnb murah gais jadi jangan sampai tidak beli token baru di verse token ini soalnya bakal naik deh
0;officialdverse berharap sayang baca ini deh supaya tidak stress dia dverse token
0;divapakev tidak bisa berkata kata di verse token
0;aku padamu wahai indonesia ku semoga permusikan nya bikin kita semua tergugah dan berdendang setiap penjuru negara di verse token
0;dangdut boleh jaman dulu tapi promosi kah seluruh dunia harus dong kita ngikutin jaman ini di verse token mantap booss dukung ayo dengan beli tokennya dverse
0;keren banget euyy komunitas dangdut bisa punya token di verse token
0;wah tidak nyangka dangdut bakal mendunia begini yaah apalagi sampai ada projek di verse token always support deh
0;graselii ciri khas indonesia bgtt di verse token
0;bohong ini kalau kalian bilang tidak bangga sama indonesia ini dangdut karya indonesia siapkan dan ramaikan dong di verse token
0;hanya bisa ber woah karena sudah tidak bisa berkata-kata lagi lihat dangdut makin aseque saja mendunianya oleh karena itu harus didukung buat beli token rilisnya di verse token
0;yang belum tahu kenalin token dangdut pertama ini di verse token beneran keren ini kami local pride
0;peluang nya makin gede ini buat jadikan dangdut indonesia populer di verse token
0;ramah di dompet mudah dibeli dan ada akun resmi nyaa buat ditanya tanya kalau kita bingung bagaimana sih cara belinya sudah punya fakta penjualan yang bagus sejak halus opening kapan lagi di verse token ygy
0;bangga banget ini karena ada peluang makin gede ini buat dangdut indonesia mendunia semoga jadi nomor di seluruh penjuru dunia di verse token
0;sayang banget ini buat para pecinta dangdung tapi tidak punya token dangdut nya d'verse yok teman-teman jangan kelewatan kesempatan ini dverse token
0;dangdut itu memang tidak ada matinya ayo bisa ayo mendunia di verse token
0;aww aku tidak tahu ternyata tentang ini di verse token bukan scam gaiss alias real begitu jadi kalau penasaran kepoin official akunnya sudah
0;pastinya di verse token bikin bangga akan bawa nama komunitas dangdut yang jadi ciri khas indonesia
0;jangan gampang percaya token token yang mencurigakan lebih baik kah di verse token sudah membantu dangdut makin dikenal nomor tipu tipu club lagi
0;loh bikin kaget ya kapan lagi akan bisa dengar dangdut dengan metverse seluruh dunia mumoung launching dengan harga murah gas lah di verse token
0;mau tahu bagaimana informasi dverse a.k.a token dangdut pertama keluar pantau terus akun twitter officialdverse di verse token
0;perkenalkan ada token baru yang benar-benar bisa diandalkan teman-teman namanya di verse token beli saja rn ada tutorial yang super mudah
0;prodak lokal dari indonesia ini senggol dong bos dangdut indonesia siap goyan akang teteh semua ayo kita nikmati di verse token
0;makin keceh saja ini dunia perdangdutan ayo beli tokennya buat dukung di officialdverse disana sudah dikasi tahu caranya secara mudah ko ges di verse token
0;jangan sampai kalian tidak tahu di verse token local pride banget ini gaiss gas beli
0;selalu ada kesempatan yang besar dengan adanya dangdut metaverse begini yah kita yakin akan terbuka jalan yang besar untuk indonesia sukses di verse token
0;toplah bikin dakdikduk dangdut boleh jaman dulu tapi promosi kah seluruh dunia harus dong kita ngikutin jaman ini di verse token
0;pantau saja terus ini akun twitter officialdverse buat berita dan update token terbaru yang berasal dari kebanggaan lokal kita bersama ini berhubungan dengan pesona uniknya dangdut di verse token
0;officialdverse pokoknya harus update terus ini aku biar tidak ketinggalan informasi di verse token
0;innezvillani gass beli di verse token harga bersahabat bgtt
0;ayo miliki di verse token mu ini aman dan bukan scam iya pantengin account officialdverse untuk tahu cara membeli token nya
0;setelah banyak dengarkan orang bicara nft and finally akhirnya aku bakal beli token pertamaku di presale d'verse dverse token
0;ealahh ada saja yang bikin terkejut kejut sekarang dangdut pun ngikutin trend sekali di verse token tidak nyangka sih gila parah
0;bikin senyum lebar dangdut boleh jaman dulu tapi promosi kah seluruh dunia harus dong kita ngikutin jaman ini di verse token
0;nft deverse kece sampai tidak bisa berkata kata deh saya katakan tidak kepada indonesia yang ketinggalan jaman karena kita juga sudah semakin zaman now mantapp di verse token
0;seokjinnich ko saya bacanya sambil nyanyi iya di verse token
0;hah tidak bohong akan ini token dangdut dunia yang pertama wah ini pasti bakal meledak pokoknya harus beli tokennya ini gaiiss di verse token
0;rt akunmuudah aku yess banget yagesya kalau kita beli koin bnb dari token di verse token sekarang ini selagi baru launching pasti bakal
0;mari berdendang gembira bersama sama teman-teman seluruh dunia dengan di verse token yang yang digoyang goyang yangg
0;kalau kalian mengaku mau dukung warisan kebanggaan lokal gas beli token dverse di verse token
0;brillian think ini mah cuyy di verse token semoga makin keren terus negara kita iya teman-teman iya
0;ayo lomba dapetin token di verse token
0;benmarcius officialdverse siap kak akan follow deh di verse token
0;dangdut pride go go go higher sudah ada di verse token makin dikenal dong saya juga mau beli ah biar tidak ketinggalan
0;bellafebrr harus mendunia dong produk lokal di verse token
0;ada yang baru ini dan mantap suar sar serr deg deg an san sambil sawer sawer dangdutan ini bisa versi digital di verse token
0;dangdut boleh jaman dulu tapi promosi kah seluruh dunia harus dong kita ngikutin jaman ini di verse token biar semakin didepan ahayy kece juga ini promosi nya ngomong-ngomong btww ini harga tokennya masih murah loh gaiss yukk ah cuss belum ketinggalan ini dukung dangdut indonesia biar maju
0;officialdverse yeayy pokoknya aku tidak sabar banget sama ini di verse token
0;beneran aku itu seneng banget deh soal token ini itu aku juga jadi bisa tahu kenapa pembeli global juga semangat soalnya harganya bersahabat di verse token
0;officialdverse sungguh tidak terduga sekalii di verse token
0;soo cooll dan ca n't waitt yuhuu ayo pantengin yaa karya indonesia yang mantab jiwa pastinya di verse token
0;kapan lagi akan bisa dengar dangdut dengan metverse seluruh dunia ini di verse token lauching produk token dangdut pertama di dunia
0;aku tidak sabar banget dengan launchingnya token dangdut pertamaa inii pokoknya terbaik lah indonesiaa di verse token
0;wow saya tidak menyangka banyak orang akan berlomba-lomba untuk mendapatkan token d'verse anda sekarang sebelum terlambat token mereka akan pergi kah bulan dan ekosistem dan komunitas dangdut bukankah itu sangat mengasyikkan di verse token
0;officialdverse buruan dibeli teman-teman tokennya nomor scam dijamin aman di verse token
0;officialdverse gasabar bangett sihh nungguin ini dverse token
0;ayo sekarang saja kapan lagi kamu bisa ngerasain euforia buat jadi salah satu orang pertama yang punya token dangdut pertama ayo join the hype teman-teman semangat terus beli dverse sekarang deh di verse token
0;cantacintaa yapss betull tidak akan nyesel buruan beli di verse token
0;lndmuslitanazir iya dong di verse token
0;ayo sini miliki token segera jangan ketinggalan dverse kamu sendiri sekarang juga ini benar-benar aman dan bukan scam kamu bisa cek developernya sendiri melalui akun twitter officialdverse ok teman-teman di verse token
0;ealahh ada saja yang bikin terkejut kejut sekarang dangdut pun ngikutin trend sekali di verse token makin maju banget ini yakk aduhh sukses suksess yaa buat kalian yang suka dengarkan dangdut coba ini dukung lewat tokennyaa biar makin sukses kedepannya ini
0;local pride go internasional dangdut sudah ada token di verse token sekarang makin gampang deh dikenalnya ayo dibeli
0;officialdverse ingin beli token ini deh sebagai newbie kayaknya cocok begitu saya beli ini di verse token
0;harganya masi terjangkau ini mah bisa dicek kalkulasi harganya lewat twitter si officialdverse di verse token
0;tidak ada alasan buat tidak ikut beli token baru dverse karena ini kolaborasi dengan musik kebanggaan lokal indonesia dangdut di verse token
0;sudah tahu token dangdut pertama belum ini di verse token aku tahu kenapa banyak yang semangat sama token ini soalnya harga coin bnb murah
0;hayukk cuz cek dan ricek officialdverse buat dapetin token awal di verse token biar makin jaya karya musik dangdut indonesia
0;hari begini masih tertipu token palsu maaf saya sih sudah tidak lagi soalnya di verse token bisa kasih jaminan soal keamanan liquidty pool bakal dikunci tahun biar terhindar dari skema rug pull
0;kalian tidak perlu khawatir kalau mau beli token sdverse karena ini sah pakai bngt loh bukan scam dan bahkan sudah punya banyak audiens dari seluruh dunia ayo ambil tokenmu sekarang di verse token
0;innezvillani gss beli tokennya yu di verse token
1;rt officialdverse bagus news nabila maharani penyanyi yang video youtubenya tembus hingga juta penonton serta memiliki jut
1;officialdverse semoga rezeki thank you di di verse token
1;bagus news nabila maharani penyanyi yang video youtubenya tembus hingga juta penonton serta memiliki juta pengikut instagram dukung di verse token pasgoy yang masih nunda beli di verse di pancakeswap jangan sampai ketinggalan rombongan
1;officialdverse tarik maang di di verse token
1;hasil pengeluaran pada putaran singapore sg tanggal prize shio kambing selamat kepada para pemenang yang beruntung resultsingapore togelcc di verse token
1;ini ini bagus juga kataku sih iya kalau kamu beli di verse token harga koin bnb murah dan cara belinya juga gampang banget untuk siapa pun itu
1;officialdverse dangdutan di di verse token
1;ini coba dengarkan kata penyanyi nabila maharani soal di verse token masa kalian masih mau nunda beli di verse yang projectnya seru-seru sih ayo tunggu apa lagi sudah listing di pancakeswap lho
1;officialdverse mantap di di verse token
1;officialdverse donee bismillah di di verse token
1;aku yess banget kalau kita beli koin bnb dari token di verse token sekarang ini selagi baru launching pasti bakal banyak banget yang ikutan beli
1;gila asli ini mah jadinya aku bahagia deh lihat harga coin bnb yang murah biar makin banyak yang punya kesempatan punya di verse token
1;saya si yess kalau beli koin bnb dari token di verse token sekarang murah banget tsayy
1;keren sih aku bahagia deh lihat harga coin bnb yang murah biar makin banyak yang punya kesempatan punya di verse token
1;kalian pada tahu tidak sii kalau harga coin bnb murah di verse token cus ayo langsung gas beli saja biar mantap beztie
1;nah kataku sih iya kalau kamu beli di verse token harga koin bnb murah dan cara belinya juga gampang banget untuk siapa pun itu
1;officialdverse di di verse token neng dangdutan yukk
1;officialdverse yeaay akhirnyaa yang dinanti nantii di verse token
1;officialdverse mantull mint di verse token
1;officialdverse dangdutt pridee di verse token
1;officialdverse salah satu karya anak bangsa local pride di di verse token
1;officialdverse mantap di verse di versetoken
1;kodachii iya di verse token token dangdut bukan scam kok itu real dan juga iya bnb lagi murah jadi ayo kita gass beli gaiss psychography
1;rt jenxshaa peluang nya makin gede ini buat jadikan dangdut indonesia semakin mendunia semoga bisa jadi nomor di seluruh penjuru dunia
1;aku yess banget kalau kita beli koin bnb dari token di verse token sekarang ini selagi baru launching pasti bakal banyak banget yang ikutan beli
1;rt greeyybluuee ini aku kenalin token dangdut pertama namanya dverse di verse token lagi on sale ini ayo beli token dangdut pertama inii
1;ih mantap aku bahagia deh lihat harga coin bnb yang murah biar makin banyak yang punya kesempatan punya di verse token
1;officialdverse di di verse token dangdut
1;iya asli di verse token token dangdut bukan scam kok itu real dan juga iya bnb lagi murah jadi ayo kita gas langsung cus beli
1;widiihh makin keren saja ini di verse token token dangdut pertama ini
1;aku bahagia deh lihat harga coin bnb yang murah biar makin banyak yang punya kesempatan punya di verse token
1;local pride ini di verse token keren banget officialdverse
1;officialdverse beli tokennya di verse token teman-teman murah bingit
1;officialdverse saya sebagai penikmat musik dangdut sangat bahagia teman-teman di verse token
1;mau ngasi informasi nihh ada di verse token yang bisa dijadiin invest loh
1;beneran local pride of indonesia teman-teman dangdut token serius gapernah nyangka bakal ada ginian the first local token and wants to go global wow di verse token
1;keren sih di verse token ngeiklan sambil kasih penjelasan kripto dengan simpel dan mudah dimengerti to the moon ini mah
1;putriidiana keren akan yak di verse token
1;teman-teman jangan kelewatan ini lagi hype banget informasi terbaru kalau sekarang ada dangdut kebanggaan kita bersama sebentar lagi mendunia dengan meluncurkan token dangdut pertama dverse di verse token di coba teman-teman
1;mau informasi saja ini dverse a.k.a token dangdut pertama keluar pantau terus akun twitter officialdverse kamu bisa lihat bahkan pembeli global seneng menyambut token baru ini di verse token kita apresiasi bisa kali iya
1;pilih lagu dari indonesia sekarang mah dangdut sudah mendunia niha jadi tidak pilih lagu lagi yah di verse token
1;keren dangdut bisa punya token di verse token nich
1;officialdverse invasi yang bagus turut untuk dibanggakan untuk indonesia seluruh dunia tahu loh dverse token
1;rt dangdut boleh jaman dulu tapi promosi kah seluruh dunia harus dong kita ngikutin jaman ini di verse token biar semakin didepan ahayy
1;rt ryuryujinz mau ngasi informasi nihh ada di verse token buat tutorial membeli nya cek cek akun official mereka teman-teman
1;proudly proud sama produk satu ini gaiss harus beli deh soalnya membanggakan sekalee di verse token
1;asikk sudah ada di verse token yang akan diluncurkan senang banget plus bangga juga dong ternyata dangdut dari indonesia bisa membuat hal yang super keren di era sekarang ini
1;peluang nya makin gede ini buat jadikan dangdut indonesia di verse token
1;officialdverse saatnua untuk belajar traiding pelan pelan terlebih ini dangdut loh dverse token
1;mau ngasi informasi ada di verse token yang menarik dan bisa buat invest
1;seneng deh dengar akan officialdverse tentang pembeli global ikutan semangat buat membeli dverse juga asik ini musik dangdut mau go internasional di verse token
1;aa harus pantengin terus biat token di verse token jangan sampai ketinggalan buat dukung dan skaligus mantau
1;pastinya di verse token keren dan menarik banget
1;mantapp dandut indonesia semoga jadi nomor di seluruh penjuru dunia di verse token
1;pokoknya keren banget deh mereka yang nyiptain ini di verse token produk lokal tidak kalah saing kok apalagi ini tentang dangdut
1;rt syifalinbigwin soo cooll dan ca n't waitt yuhuu ayo pantengin yaa karya indonesia yang mantab jiwa pastinya di verse token
1;rt ealahh ada saja yang bikin terkejut kejut sekarang dangdut pun ngikutin trend sekali di verse token makin maju banget ini yak
1;rt jenxshaa peluang nya makin gede ini buat jadikan dangdut indonesia semakin mendunia semoga bisa jadi nomor di seluruh penjuru dunia
1;bangga dan saya ucapkan conggratulaion alias selamat selamat atas launching nya semoga menjadi langkah awal yah untuk kemajuan indonesia di industri musik di verse token
1;officialdverse mantap bgtt dverse token banggaa banget mendunia
1;tengah malam begini memang enaknya mantengin buat rilis token di verse token buat dukung dangdut karya bangsa kitaa agar makin keren selalu kedepanny
1;dangdut indonesia mendunia guyss jangan lupa beli tokennya di verse token
1;brillian think ini mah euy di verse token semoga makin jaya terus indonesia yah teman-teman iya dangdut akan populer kemana mana
1;kayaknya dangdut akan mendunia nihh kok bisa iya bisalah soalnya di verse token akan ngeluarin produk token dangdut pertama di dunia keren bngt tidak tuhh
1;officialdverse omgg bangga bngtt sama musik dangdut indonesia dverse token
1;officialdverse banyak manfaat yang saya tahu dari di verse token
1;peluang makin gede ini buat dangdut indonesia mendunia semoga jadi nomor di seluruh penjuru dunia di verse token amin
1;officialdverse speechless bangett kerenn bangett pokonya ini mah dverse token
1;officialdverse ini dverse token kerenn bgtt
1;kita dukung dan ambil bagian jangan sampai hilang kesempatan ayo maju ayo indonesia buktikan bahwa industri kita dalam musik keren dan tidak akan kalah di verse token
1;officialdverse wow keren banget sih ini di verse token
1;emggaa sabar dandut terkenal seantero dunia di verse token
1;ayoo tarik mang sambil joget sambil beli di verse token token yangbisa bikin dangdut makin dikenal asikk
1;officialdverse kerenn banget ini mahh yaampun bangga banget akuu dverse token
1;dengernya bikin tambah suka kapan lagi akan bisa dengar dangdut dengan metverse seluruh dunia mumoung launching dengan harga murah gas lah di verse token
1;nft deverse kece sampai tidak bisa berkata kata deh saya katakan tidak kepada indonesia yang ketinggalan jaman karena kita juga sudah semakin zaman now di verse token
1;jangan sampai kelewat untuk beli tokennya teman-teman di verse token
1;mau ngasi informasi nihh ada di verse token buat tutorial membeli nya cek cek akun official mereka teman-teman
1;haloo buat yang masih bingung bagaimana beli tokennya kamu bisa loh lihat lihat kah akun twitter officialdverse mereka bikin thread cara membelinya kok gampang banget deh ituu sudah lengkap semua tinggal ikutin saja stepnya dari di verse token okeii
1;hobby banget dengarkan musik dangdut jadi saya bakal memutuskan buat mendukung d'verse dengan membeli token dangdut mereka dverse token
1;ide yang sangat brilliant ini mah euy di verse token semoga makin jaya terus indonesia yah teman-teman iya
1;officialdverse bisa yak terpikirkan bikin ide begini di verse token
1;banyak yang ditipu token scamm luar negeri itu sakit ambyar uang melayang hati tersayat mampir kah di verse token token dangdut yang nomor tipu tipu club dahh
1;geess kalian sudah pada tahu belum sih kalau di verse token akan jadi token dangdut pertama di dunia keren bangett akan tenang saja produk token ini anti tipu-tipu club kok
1;mari goyang dangdut bersama di verse token sambil goyang sambil dapat token tarik bang bisa untung dijamin tidak buntung
1;aduh gila sih kapan lagi iya tsayy dapetin kode unik join dangdut yang bakal go international dengan harga yang murah meriah euyy di verse token
1;ternyata ini ada saja yang bikin terkejut kejut sekarang dangdut pun ngikutin trend sekali luar biasa di verse token
1;aku padamu wahai indonesia ku semoga dangdut di indonesia bikin kita semua tergugah dan berdendang sampai kah penjuru negara di verse token
1;conggratulaion alias selamat selamat atas launching nya semoga menjadi langkah awal yah untuk kemajuan indonesia di industri musik di verse token
1;seneng sekali bisa dangdut boleh jaman dulu tapi promosi kah seluruh dunia harus dong kita ngikutin jaman ini di verse token
1;dangdut itu bukan sekedar musik tapi indonesia beruntungnya indonesia punya di verse token kawal jangan sampai diklaim bangsa lain belanja token d'verse bagian dari mendukung musik dangdut asli indonesia
1;siap-siap ini dangdut akan mendunia kok bisa iya bisalah soalnya di verse token akan ngeluarin produk token dangdut pertama di dunia keren akan
1;selalu ada kesempatan yang besar dengan adanya dangdut metaverse begini yah kita yakin akan terbuka jalan yang besar untuk indonesia sukses di verse token lets go dangdut jadi star the world
1;peluang nya makin gede ini buat jadikan dangdut indonesia semakin mendunia semoga bisa jadi nomor di seluruh penjuru dunia lewat project ini di verse token
1;asiap selalu pantau paling pertama twitternya officialdverse buat lihat berita dan update token terbarunya nii karena karya dangdut indonesia memang harus diakui di verse token
1;officialdverse huaa kerenn bangett buat yang suka dangdut hayuk kalau begitu ini di verse token
1;officialdverse keren sih bisa ada token lokal dangdut dari di verse token project
1;sekarang ini bisa dengar dangdut dengan metverse seluruh dunia mumoung launching dengan harga murah gas lah di verse token
1;wow token dangdut pertama di dunia di verse token siapa lagi yang peduli kalau bukan kita anak bangsa sendiri siap-siap to the moon wajib dukung
1;rt seokjinnich dangdut is the music of my country benar benar nyata genre dangdut kita akan mendunia lewat token deverse ayo beli guy
